{"version":3,"hash":{"type":"Buffer","data":"WnD5L2e2cMaB9IvG7BNiYZV0BaHd47MHD1ZXpIFaM+Iu21d+E8+cqZSQfjlCqeZaMMa+MTLQ2aajUon6vndu6tkW1bsCNrQh/ergQJnFIUyPPVN8IqiFiPK7P1URaxKYE9BwUQVD/lBSuOktoB3JIUHsqLhwQlABGyxkNwoq0PA="},"indexValueMap":{"bocnIChEUA1rnRTf3915TklPW3cuhj0m4/JVzepbaDM=":{"valueMac":{"type":"Buffer","data":"VBbuN7YnfzXBolXUlGik+RBC54+Dp2Cp6yifxxT1eQ0="}},"vUaPIbDB/v9JUfOqQ9mb+XfS+jhzr14q6Ml4W9JxGoA=":{"valueMac":{"type":"Buffer","data":"0xT312D00fTqJoc4rDU/qmlW4HzMOEn2ccvbkTEGwNI="}},"2RUu/RRo1YLiRhhhUPnnIYOiTZqClERYeEskUL+/8Ys=":{"valueMac":{"type":"Buffer","data":"0ZolVhBK5XR0rN4ifNA4GfBIF/UopUs96omF13KVhME="}},"e4Puz7dEDC65j9Bd3Wr0KvKeDct9NJnOydBaUr5b0BU=":{"valueMac":{"type":"Buffer","data":"9INFA0dhN0bv+3U5MHKbIJd4yJ0dGF5xleBI3EHUPY4="}},"Sb0EKSganJCHZp74BzTJk5cCDALuOwrs+z3GNpWGXTs=":{"valueMac":{"type":"Buffer","data":"O60mTG+1FWZl/J6DtbLvT7mMTypvlOmdnqe9HmmpRFU="}},"LY//nSKZHa5rEERq/4l2obkChS3JYSD6hxdKIPQaUl8=":{"valueMac":{"type":"Buffer","data":"vqlnoVEZA+qglxuPTJCVQvgfNX9SkFlj1fDC0rxP3xY="}},"GsG8bg6tFS+PJNusZye5WcpbcYkum8HmSBkH3tHoNRc=":{"valueMac":{"type":"Buffer","data":"kknb8AUSFugyke70yGSy6AXnsucGVwW/vacG7dY1rIY="}}}}