{"noiseKey":{"private":{"type":"Buffer","data":"MMVLw3P4AKS5RL5A9MwzQ7kaDqF33Z0GlYty/VkCakw="},"public":{"type":"Buffer","data":"2wC3KNzcDnN0d2l8xq8pBozoadYTdjZsZ3cqV5G5WT8="}},"pairingEphemeralKeyPair":{"private":{"type":"Buffer","data":"oEi2RJMDF385jh5zkVdiz0zddC4o/GZbOU1Ay+VCcHw="},"public":{"type":"Buffer","data":"mxVaLTI9S4Re8PF4t1eY/49/7f1m2R1N1/BPeZhzHTw="}},"signedIdentityKey":{"private":{"type":"Buffer","data":"CJ8smJTHZP6A5t4ShWB/4iNxNQ2htJreiEbU8sdpLF0="},"public":{"type":"Buffer","data":"ETG+ySl8c7O7z+7u8tb5wsqU1RBP03jkJJzxThUcQyM="}},"signedPreKey":{"keyPair":{"private":{"type":"Buffer","data":"AEUi3LYwVtzWs3tnHCddYBIVJR5bb+DyjuujLeeRmUo="},"public":{"type":"Buffer","data":"oEXVVaIT2cdJF51uDPm8BNAtYGKMthPQKkd/kVAM500="}},"signature":{"type":"Buffer","data":"ClZKXru5OqCm7uONbMFpl+ZJlYqlNxEB08l5Vl6eT3S/+bCfrBEM8pGA/v94zLBw4pwLsQrFyR1ak6ry/l8hCg=="},"keyId":1},"registrationId":170,"advSecretKey":"5/kyvXW4pXLUybLlF/Wi3Q4szVP8mKCPl6JpiZAV1Eo=","processedHistoryMessages":[],"nextPreKeyId":813,"firstUnuploadedPreKeyId":813,"accountSyncCounter":0,"accountSettings":{"unarchiveChats":false},"registered":false,"account":{"details":"CO3Iu7sEELPy+skGGAMgACgA","accountSignatureKey":"LWmBjQqY9r8xQwJBAm25YcubK05qL3wAmbD1J3+aojI=","accountSignature":"ZqLRnhfyTLKVvh1JqCB+3MQ2V0qW6CoiSpT2bEUWopzBTwT25F1pAYUPk6DZJ6s/4i5vohfyBtcSeIS55wCRAg==","deviceSignature":"z5pKonCkNdfRYGbR8ILeycX5DsYfH0qTfozThHyuMA/ndCTud/UB07t+z6F9z6xJondE77pBlwGOd9JmqVGDBA=="},"me":{"id":"6287866171325:27@s.whatsapp.net","lid":"108860559913092:27@lid"},"signalIdentities":[{"identifier":{"name":"108860559913092:27@lid","deviceId":0},"identifierKey":{"type":"Buffer","data":"BS1pgY0KmPa/MUMCQQJtuWHLmytOai98AJmw9Sd/mqIy"}}],"platform":"android","routingInfo":{"type":"Buffer","data":"CAUIAggS"},"lastAccountSyncTimestamp":1765718328,"lastPropHash":"3R9Z39","myAppStateKeyId":"AAAAACHX"}